{
  "$schema": "./node_modules/@angular/cli/lib/config/schema.json",
  "project": {
    "name": "apm"
  },
  "apps": [
    {
      "root": "src",
      "outDir": "dist",
      "assets": [
        "assets",
        "api",
        "favicon.ico"
      ],
      "index": "index.html",
      "main": "main.ts",
      "polyfills": "polyfills.ts",
      "test": "test.ts",
      "tsconfig": "tsconfig.app.json",
      "testTsconfig": "tsconfig.spec.json",
      "prefix": "vod",
      "styles": [
        "styles.css",
        "../node_modules/bootstrap/dist/css/bootstrap.css",
        "../node_modules/font-awesome/css/font-awesome.css",
        "../src/Content/themes/HBO_Bootstrap/css/sb-admin.css",
        "../node_modules/ngx-toastr/toastr.css"
      ],
      "scripts": [
        "../node_modules/jquery/dist/jquery.min.js",
        "../src/Content/themes/HBO_Bootstrap/js/bootstrap.min.js",
        "../src/Content/themes/HBO_Bootstrap/js/plugins/metisMenu/jquery.metisMenu.js",
        "../src/Content/themes/HBO_Bootstrap/js/sb-admin.js",
        "../src/Content/themes/HBO_Bootstrap/js/plugins/Lightbox/js/lightbox.js"
      ],
      "environmentSource": "environments/environment.ts",
      "environments": {
        "dev": "environments/environment.ts",
        "prod": "environments/environment.prod.ts"
      }
    }
  ],
  "e2e": {
    "protractor": {
      "config": "./protractor.conf.js"
    }
  },
  "lint": [
    {
      "project": "src/tsconfig.app.json",
      "exclude": "**/node_modules/**"
    },
    {
      "project": "src/tsconfig.spec.json",
      "exclude": "**/node_modules/**"
    },
    {
      "project": "e2e/tsconfig.e2e.json",
      "exclude": "**/node_modules/**"
    }
  ],
  "test": {
    "karma": {
      "config": "./karma.conf.js"
    }
  },
  "defaults": {
    "styleExt": "css",
    "component": {}
  }
}
